Sort;URL;Original title;S;Creator(s);Genres;Start;End;Media;Storage;Video;E;Mins;Hours;Added;comment
Prisoner;Cal.;The Prisoner;1;Patrick McGoohan / George Markstein;Drama | Mystery | Sci-Fi;1967;1968;Downloaded;external #1;DVDrip;17;48;13,60;;
I, Claudius;Cal.;I, Claudius;1;Jack Pulman;Drama | History;1976;1976;DVD;;;13;50;10,83;;
Edge of Darkness;Cal.;Edge of Darkness;1;;Drama | Thriller;1985;1985;Downloaded;external #1;DVDrip;6;50;5,00;;
Twin Peaks;Cal.;Twin Peaks;1;David Lynch & Mark Frost;Crime | Drama | Fantasy | Horror | Mystery | Romance | Sci-Fi | Thriller;1990;1990;Downloaded;external #1;DVDrip;8;48;6,40;;
Twin Peaks;Cal.;Twin Peaks;2;David Lynch & Mark Frost;Crime | Drama | Fantasy | Horror | Mystery | Romance | Sci-Fi | Thriller;1990;1991;Downloaded;external #1;DVDrip;22;48;17,60;;
Day Today;Cal.;The Day Today;1;Chris Morris, Armando Iannucci;Comedy;1994;1994;Downloaded;external #1;DVDrip;6;30;3,00;;
X-Files;Cal.;The X-Files;1;Chris Carter;Drama | Horror | Mystery | Sci-Fi | Thriller;1993;1994;Downloaded;external #1;h.264 .mp4 624x464 DVDrip;24;43;17,20;;
X-Files;Cal.;The X-Files;2;Chris Carter;Drama | Horror | Mystery | Sci-Fi | Thriller;1994;1995;Downloaded;external #1;h.264 .mp4 624x464 DVDrip;25;43;17,92;;
Space: Above and Beyond;Cal.;Space: Above and Beyond;1;Glen Morgan / James Wong;Drama | Sci-Fi;1995;1996;Downloaded;DELETED;DVDrip;24;45;18,00;;
X-Files;Cal.;The X-Files;3;Chris Carter;Drama | Horror | Mystery | Sci-Fi | Thriller;1995;1996;Downloaded;external #1;h.264 .mp4 624x464 DVDrip;24;43;17,20;;
Brass Eye;Cal.;Brass Eye;1;Chris Morris;Comedy | Documentary;1997;1997;Downloaded;external #1;DVDrip;7;25;2,92;;
Buffy the Vampire Slayer;Cal.;Buffy the Vampire Slayer;1;Joss Whedon;Drama | Fantasy;1997;1997;Downloaded;external #1;Low / Decent;12;43,5;8,70;;First season poor quality (source recordings)
X-Files;Cal.;The X-Files;4;Chris Carter;Drama | Horror | Mystery | Sci-Fi | Thriller;1996;1997;Downloaded;external #1;h.264 .mp4 624x464 DVDrip;24;43;17,20;;
Buffy the Vampire Slayer;Cal.;Buffy the Vampire Slayer;2;Joss Whedon;Drama | Fantasy;1997;1998;Downloaded;external #1;Low / Decent;22;43,5;15,95;;
South Park;Cal.;South Park;1;Trey Parker, Matt Stone;Animation | Comedy;1997;1998;Downloaded;external #1;decent (varying size);13;22;4,77;;
X-Files;Cal.;The X-Files;5;Chris Carter;Drama | Horror | Mystery | Sci-Fi | Thriller;1997;1998;Downloaded;external #1;h.264 .mp4 720x400 DVDrip;20;43;14,33;;
Buffy the Vampire Slayer;Cal.;Buffy the Vampire Slayer;3;Joss Whedon;Drama | Fantasy;1998;1999;Downloaded;external #1;Low / Decent;22;43,5;15,95;;
Cowboy Bepop;Cal.;Cowboy Bepop;1;;Animation | Action | Adventure | Comedy | Crime | Drama | Sci-Fi | Thriller;1998;1999;Downloaded;external #1;Good h264 DVD-rips;26;22;9,53;;both japanese and english audio
Sopranos, The;Cal.;Sopranos, The;1;David Chase;Crime | Drama | Thriller;1999;1999;DVD;;;13;50;10,83;;
South Park;Cal.;South Park;2;Trey Parker, Matt Stone;Animation | Comedy;1998;1999;Downloaded;external #1;decent (varying size);18;22;6,60;;
X-Files;Cal.;The X-Files;6;Chris Carter;Drama | Horror | Mystery | Sci-Fi | Thriller;1998;1999;Downloaded;external #1;h.264 .mp4 720x400 DVDrip;22;43;15,77;;
Angel;Cal.;Angel;1;Joss Whedon, David Greenwalt;Drama | Fantasy;1999;2000;DVD;;;22;42;15,40;;Angel - Series 1-5 - Complete box set
Black Books;Cal.;Black Books;1;Dylan Moran / Graham Linehan;Comedy;2000;2000;Downloaded;external #1;DVDrip;6;25;2,50;;
Buffy the Vampire Slayer;Cal.;Buffy the Vampire Slayer;4;Joss Whedon;Drama | Fantasy;1999;2000;Downloaded;external #1;Low / Decent;22;43,5;15,95;;
Frank Herbert's Dune;Cal.;Frank Herbert's Dune;1;John Harrison;Adventure | Drama | Fantasy | Sci-Fi;2000;2000;Downloaded;external #1;;3;90;4,50;;Miniseries
Freaks and Geeks;Cal.;Freaks and Geeks;1;Paul Feig;Comedy | Drama;1999;2000;Downloaded;external #1;DVDrip;18;43;12,90;;includes all extras from DVD
Sopranos, The;Cal.;Sopranos, The;2;David Chase;Crime | Drama | Thriller;2000;2000;DVD;;;13;50;10,83;;
South Park;Cal.;South Park;3;Trey Parker, Matt Stone;Animation | Comedy;1999;2000;Downloaded;external #1;decent (varying size);17;22;6,23;;
South Park;Cal.;South Park;4;Trey Parker, Matt Stone;Animation | Comedy;2000;2000;Downloaded;external #1;decent (varying size);17;22;6,23;;
West Wing;Cal.;The West Wing;1;Aaron Sorkin;Drama;1999;2000;Downloaded;T:\TV\;DVDrip;22;42;15,40;;
X-Files;Cal.;The X-Files;7;Chris Carter;Drama | Horror | Mystery | Sci-Fi | Thriller;1999;2000;Downloaded;external #1;h.264 .mp4 720x400 DVDrip;22;43;15,77;;
Angel;Cal.;Angel;2;Joss Whedon, David Greenwalt;Drama | Fantasy;2000;2001;DVD;;;22;42;15,40;;Angel - Series 1-5 - Complete box set
Band of Brothers;Cal.;Band of Brothers;1;Steven Spielberg, Tom Hanks;Adventure | Drama | History | War;2001;2001;DVD;;;10;70,5;11,75;;Miniseries
Buffy the Vampire Slayer;Cal.;Buffy the Vampire Slayer;5;Joss Whedon;Drama | Fantasy;2000;2001;Downloaded;external #1;Low / Decent;22;43,5;15,95;;
Sopranos, The;Cal.;Sopranos, The;3;David Chase;Crime | Drama | Thriller;2001;2001;DVD;;;13;50;10,83;;
South Park;Cal.;South Park;5;Trey Parker, Matt Stone;Animation | Comedy;2001;2001;Downloaded;external #1;decent (varying size);14;22;5,13;;
Office (UK);Cal.;The Office (UK);1;Ricky Gervais/Stephen Merchant;Comedy | Drama;2001;2001;Downloaded;external #1;DVDrip;6;30;3,00;;
West Wing;Cal.;The West Wing;2;Aaron Sorkin;Drama;2000;2001;Downloaded;T:\TV\;DVDrip;22;42;15,40;;
X-Files;Cal.;The X-Files;8;Chris Carter;Drama | Horror | Mystery | Sci-Fi | Thriller;2000;2001;Downloaded;external #1;h.264 .mp4 720x400 DVDrip;21;43;15,05;;
24;Cal.;24;1;Robert Cochran, Joel Surnow;Action | Crime | Drama | Mystery | Thriller;2001;2002;DVD;;;24;43;17,20;;
Alias;Cal.;Alias;1;J.J. Abrams;Action | Adventure | Drama | Mystery | Sci-Fi | Thriller;2001;2002;Downloaded;external #1;Decent;22;42;15,40;;
Angel;Cal.;Angel;3;Joss Whedon, David Greenwalt;Drama | Fantasy;2001;2002;DVD;;;22;42;15,40;;Angel - Series 1-5 - Complete box set
Black Books;Cal.;Black Books;2;Dylan Moran / Graham Linehan;Comedy;2002;2002;Downloaded;external #1;DVDrip;6;25;2,50;;
Buffy the Vampire Slayer;Cal.;Buffy the Vampire Slayer;6;Joss Whedon;Drama | Fantasy;2001;2002;Downloaded;external #1;Low / Decent;22;43,5;15,95;;
Firefly;Cal.;Firefly;1;Joss Whedon;Action / Adventure / Drama / Sci-fi / Western;2002;2002;DVD;;;14;45;10,50;;
Firefly;Cal.;Firefly;1;Joss Whedon;Action / Adventure / Drama / Sci-fi / Western;2002;2002;Downloaded;external #1;HD 720P;15;45;11,25;;
Scrubs;Cal.;Scrubs;1;Bill Lawrence;Comedy | Drama;2001;2002;Downloaded;DELETED;Decent;24;22;8,80;;
Sopranos, The;Cal.;Sopranos, The;4;David Chase;Crime | Drama | Thriller;2002;2002;DVD;;;13;50;10,83;;
South Park;Cal.;South Park;6;Trey Parker, Matt Stone;Animation | Comedy;2002;2002;Downloaded;external #1;decent (varying size);17;22;6,23;;
Office (UK);Cal.;The Office (UK);2;Ricky Gervais/Stephen Merchant;Comedy | Drama;2002;2002;Downloaded;external #1;DVDrip;6;30;3,00;;
West Wing;Cal.;The West Wing;3;Aaron Sorkin;Drama;2001;2002;Downloaded;T:\TV\;DVDrip;21;42;14,70;;
Wire;Cal.;The Wire;1;David Simon;Crime | Drama;2002;2002;Downloaded;external #1;Decent;13;55;11,92;;dvdrip from tvtorrents.com
X-Files;Cal.;The X-Files;9;Chris Carter;Drama | Horror | Mystery | Sci-Fi | Thriller;2001;2002;Downloaded;external #1;h.264 .mp4 720x400 DVDrip;20;43;14,33;;
24;Cal.;24;2;Robert Cochran, Joel Surnow;Action | Crime | Drama | Mystery | Thriller;2002;2003;DVD;;;24;43;17,20;;
Alias;Cal.;Alias;2;J.J. Abrams;Action | Adventure | Drama | Mystery | Sci-Fi | Thriller;2002;2003;Downloaded;external #1;Decent;22;42;15,40;;
Angel;Cal.;Angel;4;Joss Whedon, David Greenwalt;Drama | Fantasy;2002;2003;DVD;;;22;42;15,40;;Angel - Series 1-5 - Complete box set
Battlestar Galactica - The Mini Series;Cal.;Battlestar Galactica - The Mini Series;1;Michael Rymer;Action | Adventure | Fantasy | Sci-Fi | Thriller;2003;2003;DVD;;;2;91,5;3,05;;Miniseries
Buffy the Vampire Slayer;Cal.;Buffy the Vampire Slayer;7;Joss Whedon;Drama | Fantasy;2002;2003;Downloaded;external #1;Low / Decent;22;43,5;15,95;;
Carnivàle;Cal.;Carnivàle;1;Daniel Knauf;Drama | Fantasy | Mystery | Romance | Thriller | War;2003;2003;Downloaded;DELETED;HD 720P;12;52,5;10,50;;files: english subs
Da Ali G Show;Cal.;Da Ali G Show;1;Sacha Baron Cohen;Comedy | Talk-Show;2003;2003;Downloaded;Burned DVD;Low for size;6;30;3,00;;American (HBO) version of the show
Frank Herbert's Children of Dune;Cal.;Frank Herbert's Children of Dune;1;Greg Yaitanes / John Harrison;Drama | Fantasy | Sci-Fi;2003;2003;Downloaded;external #1;;3;90;4,50;;Miniseries
Kôkaku kidôtai: Stand Alone Complex;Cal.;Kôkaku kidôtai: Stand Alone Complex;1;Kenji Kamiyama/Masamune Shirow;Animation | Action | Crime | Sci-Fi | Thriller;2002;2003;Downloaded;external #1;DVDrip;26;25;10,83;;
Scrubs;Cal.;Scrubs;2;Bill Lawrence;Comedy | Drama;2002;2003;Downloaded;DELETED;Decent;22;22;8,07;;
South Park;Cal.;South Park;7;Trey Parker, Matt Stone;Animation | Comedy;2003;2003;Downloaded;external #1;decent (varying size);15;22;5,50;;
State of Play;Cal.;State of Play;1;Paul Abbott;Crime | Drama | Mystery | Thriller;2003;2003;DVD;;;6;57;5,70;;
Office (UK);Cal.;The Office (UK);3;Ricky Gervais/Stephen Merchant;Comedy | Drama;2003;2003;Downloaded;external #1;DVDrip;2;45;1,50;;Christmas Specials
West Wing;Cal.;The West Wing;4;Aaron Sorkin;Drama;2002;2003;Downloaded;T:\TV\;DVDrip;23;42;16,10;;
Wire;Cal.;The Wire;2;David Simon;Crime | Drama;2003;2003;Downloaded;external #1;Decent;12;55;11,00;;dvdrip and subtitles from tvtorrents.com 
24;Cal.;24;3;Robert Cochran, Joel Surnow;Action | Crime | Drama | Mystery | Thriller;2003;2004;DVD;;;24;43;17,20;;
Alias;Cal.;Alias;3;J.J. Abrams;Action | Adventure | Drama | Mystery | Sci-Fi | Thriller;2003;2004;Downloaded;external #1;Pretty good;22;42;15,40;;DVDs, not much better than season 1-2
Angel;Cal.;Angel;5;Joss Whedon, David Greenwalt;Drama | Fantasy;2003;2004;DVD;;;22;42;15,40;;Angel - Series 1-5 - Complete box set
Black Books;Cal.;Black Books;3;Dylan Moran / Graham Linehan;Comedy;2004;2004;Downloaded;external #1;DVDrip;6;25;2,50;;
Da Ali G Show;Cal.;Da Ali G Show;2;Sacha Baron Cohen;Comedy | Talk-Show;2004;2004;Downloaded;Burned DVD;Low for size;6;30;3,00;;American (HBO) version of the show
Deadwood;Cal.;Deadwood;1;David Milch;Adventure | Crime | Drama | History | Western;2004;2004;Downloaded;DELETED;Pretty good;12;55;11,00;;DVDs (4)
Paranoia Agent;Cal.;Paranoia Agent;1;Satoshi Kon;Animation | Comedy | Drama | Mystery;2004;2004;Downloaded;external #1;DVDrip;13;24;5,20;;
Scrubs;Cal.;Scrubs;3;Bill Lawrence;Comedy | Drama;2003;2004;Downloaded;DELETED;Decent;22;22;8,07;;
Sopranos, The;Cal.;Sopranos, The;5;David Chase;Crime | Drama | Thriller;2004;2004;DVD;;;13;50;10,83;;
South Park;Cal.;South Park;8;Trey Parker, Matt Stone;Animation | Comedy;2004;2004;Downloaded;external #1;decent (varying size);14;22;5,13;;
Star Wars: Clone Wars Volume I;Cal.;Star Wars: Clone Wars Volume I;1 & 2;Genndy Tartakovsky;Action | Fantasy | Sci-Fi | Animation | Short | Adventure;2003;2004;DVD;;;20;3;1,00;;Season 1 and 2
West Wing;Cal.;The West Wing;5;Aaron Sorkin;Drama;2003;2004;Downloaded;T:\TV\;DVDrip;22;42;15,40;;
Wire;Cal.;The Wire;3;David Simon;Crime | Drama;2004;2004;Downloaded;external #1;Decent;12;55;11,00;;dvdrip and subtitles from tvtorrents.com 
24;Cal.;24;4;Robert Cochran, Joel Surnow;Action | Crime | Drama | Mystery | Thriller;2005;2005;DVD;;;24;43;17,20;;
Alias;Cal.;Alias;4;J.J. Abrams;Action | Adventure | Drama | Mystery | Sci-Fi | Thriller;2005;2005;Downloaded;external #1;Pretty good;22;42;15,40;;
Battlestar Galactica;Cal.;Battlestar Galactica;1;Glen A. Larson, Ronald D. Moore;Action | Adventure | Drama | Sci-Fi;2004;2005;DVD;;;13;42;9,10;;reimaging of series from 1978
Carnivàle;Cal.;Carnivàle;2;Daniel Knauf;Drama | Fantasy | Mystery | Romance | Thriller | War;2005;2005;Downloaded;DELETED;HD 720P;12;52,5;10,50;;
Deadwood;Cal.;Deadwood;2;David Milch;Adventure | Crime | Drama | History | Western;2005;2005;Downloaded;DELETED;Pretty good;12;55;11,00;;DVDs (4)
Doctor Who (2005);Cal.;Doctor Who (2005);1;;Adventure | Drama | Sci-Fi;2005;2005;Downloaded;2 Burned DVDs;DVDrip;13;45;9,75;;2005 reimaging/continuation of the old doctor who series
Grey's Anatomy;Cal.;Grey's Anatomy;1;Shonda Rhimes;Comedy | Drama | Romance;2005;2005;DVD;;;9;43;6,45;;
Kôkaku kidôtai: Stand Alone Complex;Cal.;Kôkaku kidôtai: Stand Alone Complex;2;Kenji Kamiyama/Masamune Shirow;Animation | Action | Crime | Sci-Fi | Thriller;2004;2005;Downloaded;external #1;HD 720P;26;25;10,83;;
Lost;Cal.;Lost;1;Jeffrey Lieber, Damon Lindelof, J. J. Abrams;Adventure | Drama | Fantasy | Mystery | Thriller;2004;2005;Downloaded;DELETED;Pretty good;24;43;17,20;;
Scrubs;Cal.;Scrubs;4;Bill Lawrence;Comedy | Drama;2004;2005;Downloaded;DELETED;Decent;25;22;9,17;;
South Park;Cal.;South Park;9;Trey Parker, Matt Stone;Animation | Comedy;2005;2005;Downloaded;external #1;decent (varying size);14;22;5,13;;
Star Wars: Clone Wars Volume II;Cal.;Star Wars: Clone Wars Volume II;3;Genndy Tartakovsky;Action | Fantasy | Sci-Fi | Animation | Short | Adventure;2005;2005;DVD;;;5;12;1,00;;Season 3
West Wing;Cal.;The West Wing;6;Aaron Sorkin;Drama;2004;2005;Downloaded;T:\TV\;DVDrip;22;42;15,40;;
Veronica Mars;Cal.;Veronica Mars;1;Rob Thomas;Drama | Crime | Mystery;2004;2005;Downloaded;external #1;xvid .avi ~624x352;22;42;15,40;;
24;Cal.;24;5;Robert Cochran, Joel Surnow;Action | Crime | Drama | Mystery | Thriller;2006;2006;DVD;;;24;43;17,20;;
Alias;Cal.;Alias;5;J.J. Abrams;Action | Adventure | Drama | Mystery | Sci-Fi | Thriller;2005;2006;Downloaded;external #1;Pretty good;17;42;11,90;;
Battlestar Galactica;Cal.;Battlestar Galactica;2;Glen A. Larson, Ronald D. Moore;Action | Adventure | Drama | Sci-Fi;2005;2006;DVD;;;20;42;14,00;;reimaging of series from 1978
Deadwood;Cal.;Deadwood;3;David Milch;Adventure | Crime | Drama | History | Western;2006;2006;Downloaded;DELETED;;12;55;11,00;;subtitle files
Dexter;Cal.;Dexter;1;James Manos, Jr.;Crime | Drama | Mystery | Thriller;2006;2006;Downloaded;3 burned DVDs;HD 720P;12;50;10,00;;
Doctor Who (2005);Cal.;Doctor Who (2005);2;;Adventure | Drama | Sci-Fi;2006;2006;Downloaded;2 Burned DVDs;DVDrip;13;45;9,75;;2005 reimaging/continuation of the old doctor who series
Ergo Proxy;Cal.;Ergo Proxy;1;Shukō Murase/Dai Satō/Manglobe;Animation | Adventure | Crime | Mystery | Sci-Fi;2006;2006;Downloaded;external #1;HD 720P;23;26;9,97;;
Grey's Anatomy;Cal.;Grey's Anatomy;2;Shonda Rhimes;Comedy | Drama | Romance;2005;2006;Downloaded;DELETED;Decent;27;43;19,35;;
Lost;Cal.;Lost;2;Jeffrey Lieber, Damon Lindelof, J. J. Abrams;Adventure | Drama | Fantasy | Mystery | Thriller;2005;2006;Downloaded;DELETED;Pretty good;23;43;16,48;;
Planet Earth;Cal.;Planet Earth;1;BBC;Documentary;2006;2006;Downloaded;DELETED;HD 720P;11;50;9,17;;ESiR encodes, HDDVD source
Prison Break;Cal.;Prison Break;1;Paul Scheuring;Adventure | Crime | Drama | Thriller;2005;2006;Downloaded;DELETED;Decent;22;40;14,67;;
Scrubs;Cal.;Scrubs;5;Bill Lawrence;Comedy | Drama;2006;2006;Downloaded;DELETED;Decent;24;22;8,80;;
South Park;Cal.;South Park;10;Trey Parker, Matt Stone;Animation | Comedy;2006;2006;Downloaded;external #1;decent (varying size);14;22;5,13;;
West Wing;Cal.;The West Wing;7;Aaron Sorkin;Drama;2005;2006;Downloaded;T:\TV\;DVDrip;22;42;15,40;;
Veronica Mars;Cal.;Veronica Mars;2;Rob Thomas;Drama | Crime | Mystery;2005;2006;Downloaded;external #1;xvid .avi ~624x352;22;42;15,40;;
Wire;Cal.;The Wire;4;David Simon;Crime | Drama;2006;2006;Downloaded;external #1;Decent;13;55;11,92;;dvdrip and subtitles from tvtorrents.com 
24;Cal.;24;6;Robert Cochran, Joel Surnow;Action | Crime | Drama | Mystery | Thriller;2007;2007;Downloaded;DELETED;(very) Good;24;43;17,20;;last episodes 720P HD h.264
30 Rock;Cal.;30 Rock;1;Tina Fey;Comedy;2006;2007;Downloaded;DELETED;DVDrip;21;21;7,35;;
Battlestar Galactica;Cal.;Battlestar Galactica;3;Glen A. Larson, Ronald D. Moore;Action | Adventure | Drama | Sci-Fi;2006;2007;Downloaded;DELETED;~ Decent;20;42;14,00;;reimaging of series from 1978
Day Break;Cal.;Day Break;1;Paul Zbyszewski;Action | Drama | Thriller;2006;2007;Downloaded;DELETED;HD 720P;13;42;9,10;;
Dexter;Cal.;Dexter;2;;Crime | Drama | Mystery | Thriller;2007;2007;Downloaded;4 burned DVDs;HD 720P;12;50;10,00;;
Doctor Who (2005);Cal.;Doctor Who (2005);3;;Adventure | Drama | Sci-Fi;2007;2007;Downloaded;2 Burned DVDs;pdvtv h264-mp3-mkv;13;45;9,75;;2005 reimaging/continuation of the old doctor who series
Friday Night Lights;Cal.;Friday Night Lights;1;Peter Berg, Brian Grazer and David Nevins;Drama | Sport;2006;2007;Downloaded;T:\TV\;HD 720P;22;43;15,77;;web-dl
Grey's Anatomy;Cal.;Grey's Anatomy;3;Shonda Rhimes;Comedy | Drama | Romance;2006;2007;Downloaded;DELETED;Decent;25;43;17,92;;
Heroes;Cal.;Heroes;2;Tim Kring;Drama | Sci-Fi;2007;2007;Downloaded;DELETED;HD 720P;11;42;7,70;;
Heroes;Cal.;Heroes;1;Tim Kring;Drama | Sci-Fi;2006;2007;Downloaded;DELETED;Pretty good;23;42;16,10;;last episodes 720P HD h.264
Jericho;Cal.;Jericho;1;;Drama | Sci-Fi;2006;2007;Downloaded;DELETED;;22;43;15,77;;
Journeyman;Cal.;Journeyman;1;Kevin Falls;Fantasy | Romance | Sci-Fi;2007;2007;Downloaded;4 Burned DVDs;HD 720P;13;42;9,10;;
Lost;Cal.;Lost;3;Jeffrey Lieber, Damon Lindelof, J. J. Abrams;Adventure | Drama | Fantasy | Mystery | Thriller;2006;2007;Downloaded;DELETED;Pretty good;22;43;15,77;;last episodes 720P HD h.264
Mad Men;Cal.;Mad Men;1;Matthew Weiner;Drama;2007;2007;Downloaded;DELETED;HD 720P;13;47;10,18;;
Prison Break;Cal.;Prison Break;2;Paul Scheuring;Adventure | Crime | Drama | Thriller;2006;2007;Downloaded;DELETED;Decent;22;40;14,67;;
Pushing Daisies;Cal.;Pushing Daisies;1;Bryan Fuller;Comedy | Drama | Fantasy | Mystery | Romance;2007;2007;Downloaded;DELETED;HD 720P;9;42;6,30;;
Scrubs;Cal.;Scrubs;6;Bill Lawrence;Comedy | Drama;2006;2007;Downloaded;DELETED;Decent;22;22;8,07;;
Sopranos, The;Cal.;Sopranos, The;6;David Chase;Crime | Drama | Thriller;2006;2007;Downloaded;DELETED;HD 720P;21;50;17,50;;
South Park;Cal.;South Park;11;Trey Parker, Matt Stone;Animation | Comedy;2007;2007;Downloaded;external #1;decent (varying size);14;22;5,13;;
Veronica Mars;Cal.;Veronica Mars;3;Rob Thomas;Drama | Crime | Mystery;2006;2007;Downloaded;external #1;xvid .avi ~624x352;20;42;14,00;;
30 Rock;Cal.;30 Rock;2;Tina Fey;Comedy;2007;2008;Downloaded;DELETED;HD 720P;15;21;5,25;;
Breaking Bad;Cal.;Breaking Bad;1;Vince Gilligan;Crime | Drama;2008;2008;Downloaded;DELETED;HD 720P;7;47;5,48;;
Childrens Hospital;Cal.;Childrens Hospital;1;Rob Corddry;Short | Comedy;2008;2008;Downloaded;DELETED;HD 720P;5;11;0,92;;
Chuck;Cal.;Chuck;1;Josh Schwartz/Chris Fedak;Comedy | Action | Drama;2007;2008;Downloaded;DELETED;HD 720P;13;42;9,10;;
Dexter;Cal.;Dexter;3;;Crime | Drama | Mystery | Thriller;2008;2008;Downloaded;DELETED;HD 720P;12;50;10,00;;
Doctor Who (2005);Cal.;Doctor Who (2005);4;;Adventure | Drama | Sci-Fi;2008;2008;Downloaded;2 Burned DVDs;SDTV;13;45;9,75;;2005 reimaging/continuation of the old doctor who series
Friday Night Lights;Cal.;Friday Night Lights;2;Peter Berg, Brian Grazer and David Nevins;Drama | Sport;2007;2008;Downloaded;T:\TV\;HD 720P;15;43;10,75;;web-dl
Generation Kill;Cal.;Generation Kill;1;David Simon, Ed Burns;Drama | War;2008;2008;Downloaded;external #1;Decent;7;68;7,93;;miniseries
Grey's Anatomy;Cal.;Grey's Anatomy;4;Shonda Rhimes;Comedy | Drama | Romance;2007;2008;Downloaded;DELETED;HD 720P;17;43;12,18;;
Jericho;Cal.;Jericho;2;;Drama | Sci-Fi;2008;2008;Downloaded;DELETED;HD 720P;7;43;5,02;;
Lost;Cal.;Lost;4;Jeffrey Lieber, Damon Lindelof, J. J. Abrams;Adventure | Drama | Fantasy | Mystery | Thriller;2008;2008;Downloaded;DELETED;HD 720P;14;43;10,03;;
Mad Men;Cal.;Mad Men;2;Matthew Weiner;Drama;2008;2008;Downloaded;DELETED;HD 720P;13;47;10,18;;
Prison Break;Cal.;Prison Break;3;Paul Scheuring;Adventure | Crime | Drama | Thriller;2007;2008;Downloaded;DELETED;HD 720P;13;40;8,67;;
Scrubs;Cal.;Scrubs;7;Bill Lawrence;Comedy | Drama;2007;2008;Downloaded;DELETED;Decent;11;22;4,03;;
South Park;Cal.;South Park;12;Trey Parker, Matt Stone;Animation | Comedy;2008;2008;Downloaded;external #1;decent (varying size);14;22;5,13;;
Terminator: The Sarah Connor Chronicles;Cal.;Terminator: The Sarah Connor Chronicles;1;Josh Friedman;Action | Drama | Fantasy | Sci-Fi | Thriller;2008;2008;Downloaded;3 Burned DVDs;HD 720P;9;43;6,45;;
True Blood;Cal.;True Blood;1;Alan Ball;Drama | Fantasy | Horror;2008;2008;Downloaded;DELETED;HD 720P;12;55;11,00;;
Wire;Cal.;The Wire;5;David Simon;Crime | Drama;2008;2008;Downloaded;external #1;Decent;10;55;9,17;;
24;Cal.;24;7;Robert Cochran, Joel Surnow;Action | Crime | Drama | Mystery | Thriller;2009;2009;Downloaded;DELETED;HD 720P;24;43;17,20;;
30 Rock;Cal.;30 Rock;3;Tina Fey;Comedy;2008;2009;Downloaded;DELETED;HD 720P;22;21;7,70;;
Battlestar Galactica;Cal.;Battlestar Galactica;4;Glen A. Larson, Ronald D. Moore;Action | Adventure | Drama | Sci-Fi;2008;2009;Downloaded;DELETED;HD 720P;20;42;14,00;;reimaging of series from 1978
Breaking Bad;Cal.;Breaking Bad;2;Vince Gilligan;Crime | Drama;2009;2009;Downloaded;DELETED;HD 720P;13;47;10,18;;
Chuck;Cal.;Chuck;2;Josh Schwartz/Chris Fedak;Comedy | Action | Drama;2008;2009;Downloaded;DELETED;HD 720P;22;42;15,40;;
Dexter;Cal.;Dexter;4;;Crime | Drama | Mystery | Thriller;2009;2009;Downloaded;DELETED;HD 720P;12;50;10,00;;
Dollhouse;Cal.;Dollhouse;1;Joss Whedon;Drama | Sci-Fi | Thriller;2009;2009;Downloaded;external #1;HD 720P;13;48;10,40;;"12 aired + Epitaph One + (not counted) unaired ""Echo"" pilot"
Free Agents;Cal.;Free Agents;1;Chris Niel;Comedy | Drama;2009;2009;Downloaded;DELETED;HD 720P;6;22;2,20;;
Friday Night Lights;Cal.;Friday Night Lights;3;Peter Berg, Brian Grazer and David Nevins;Drama | Sport;2008;2009;Downloaded;T:\TV\;HD 720P;13;43;9,32;;web-dl
Fringe;Cal.;Fringe;1;J. J. Abrams / Roberto Orci / Alex Kurtzman;Drama | Horror | Mystery | Sci-Fi | Thriller;2008;2009;Downloaded;DELETED;HD 720P;20;50;16,67;;
Grey's Anatomy;Cal.;Grey's Anatomy;5;Shonda Rhimes;Comedy | Drama | Romance;2008;2009;Downloaded;DELETED;HD 720P;24;43;17,20;;
Heroes;Cal.;Heroes;3;Tim Kring;Drama | Sci-Fi;2008;2009;Downloaded;DELETED;HD 720P;25;43;17,92;;
Kings;Cal.;Kings;1;Michael Green;Drama;2009;2009;Downloaded;DELETED;HD 720P;13;43;9,32;;
Lost;Cal.;Lost;5;Jeffrey Lieber, Damon Lindelof, J. J. Abrams;Adventure | Drama | Fantasy | Mystery | Thriller;2009;2009;Downloaded;DELETED;HD 720P;17;43;12,18;;
Mad Men;Cal.;Mad Men;3;Matthew Weiner;Drama;2009;2009;Downloaded;DELETED;HD 720P;13;47;10,18;;
Misfits;Cal.;Misfits;1;Howard Overman;Comedy | Drama | Fantasy | Sci-Fi;2009;2009;Downloaded;DELETED;HD 720P (Blu-ray);6;45;4,50;;
Parks and Recreation;Cal.;Parks and Recreation;1;Greg Daniels/Michael Schur;Comedy;2009;2009;Downloaded;DELETED;HD 720P;6;22;2,20;;
Party Down;Cal.;Party Down;1;John Enbom, Rob Thomas, Dan Etheridge, Paul Rudd;Comedy;2009;2009;Downloaded;external #1;HD 720P;10;28;4,67;;
Pushing Daisies;Cal.;Pushing Daisies;2;Bryan Fuller;Comedy | Drama | Fantasy | Mystery | Romance;2008;2009;Downloaded;DELETED;HD 720P;13;42;9,10;;
Scrubs;Cal.;Scrubs;8;Bill Lawrence;Comedy | Drama;2009;2009;Downloaded;DELETED;HD 720P;18;22;6,60;;
South Park;Cal.;South Park;13;Trey Parker, Matt Stone;Animation | Comedy;2009;2009;Downloaded;external #1;HD 720P;14;22;5,13;;
Star Wars: The Clone Wars;Cal.;Star Wars: The Clone Wars;1;George Lucas / Lucasfilm Animation;Animation | Action | Adventure | Drama | Fantasy | Sci-Fi;2008;2009;Downloaded;DELETED;HD 720P;22;22;8,07;;
Terminator: The Sarah Connor Chronicles;Cal.;Terminator: The Sarah Connor Chronicles;2;Josh Friedman;Action | Drama | Fantasy | Sci-Fi | Thriller;2008;2009;Downloaded;DELETED;HD 720P;22;43;15,77;;
True Blood;Cal.;True Blood;2;Alan Ball;Drama | Fantasy | Horror;2009;2009;Downloaded;DELETED;HD 720P;12;55;11,00;;
24;Cal.;24;8;Robert Cochran, Joel Surnow;Action | Crime | Drama | Mystery | Thriller;2010;2010;Downloaded;DELETED;HD 720P;24;43;17,20;;
30 Rock;Cal.;30 Rock;4;Tina Fey;Comedy;2009;2010;Downloaded;DELETED;HD 720P;22;21;7,70;;
Archer;Cal.;Archer;1;Adam Reed;Animation | Action | Comedy;2009;2010;Downloaded;DELETED;HD 720P;10;22;3,67;;
Boardwalk Empire;Cal.;Boardwalk Empire;1;Terence Winter;Crime | Drama | History;2010;2010;Downloaded;DELETED;HD 720P;12;55;11,00;;
Breaking Bad;Cal.;Breaking Bad;3;Vince Gilligan;Crime | Drama;2010;2010;Downloaded;DELETED;HD 720P;13;47;10,18;;
Childrens Hospital;Cal.;Childrens Hospital;2;Rob Corddry;Short | Comedy;2010;2010;Downloaded;DELETED;HD 720P;12;11;2,20;;
Chuck;Cal.;Chuck;3;Josh Schwartz/Chris Fedak;Comedy | Action | Drama;2010;2010;Downloaded;DELETED;HD 720P;19;42;13,30;;
Community;Cal.;Community;1;Dan Harmon;Comedy;2009;2010;Downloaded;DELETED;HD 720P;25;22;9,17;;
Dexter;Cal.;Dexter;5;James Manos, Jr.;Crime | Drama | Mystery | Thriller;2010;2010;Downloaded;DELETED;HD 720P;12;50;10,00;;
Doctor Who (2005);Cal.;Doctor Who (2005);5;Steven Moffat;Adventure | Drama | Sci-Fi;2010;2010;Downloaded;DELETED;HD 720P;13;45;9,75;;
Dollhouse;Cal.;Dollhouse;2;Joss Whedon;Drama | Sci-Fi | Thriller;2009;2010;Downloaded;external #1;HD 720P;13;42;9,10;;
Friday Night Lights;Cal.;Friday Night Lights;4;Peter Berg, Brian Grazer and David Nevins;Drama | Sport;2009;2010;Downloaded;T:\TV\;HD 720P;13;43;9,32;;web-dl
Fringe;Cal.;Fringe;2;J. J. Abrams / Roberto Orci / Alex Kurtzman;Drama | Horror | Mystery | Sci-Fi | Thriller;2009;2010;Downloaded;DELETED;HD 720P;23;43;16,48;;
Glee;Cal.;Glee;1;Ryan Murphy / Brad Falchuk / Ian Brennan;Comedy | Drama | Music;2009;2010;Downloaded;DELETED;HD 720P;22;42;15,40;;
Heroes;Cal.;Heroes;4;Tim Kring;Drama | Sci-Fi;2009;2010;Downloaded;DELETED;HD 720P;19;43;13,62;;
Justified;Cal.;Justified;1;Graham Yost;Action | Crime | Drama | Thriller;2010;2010;Downloaded;DELETED;HD 720P (Blu-ray);13;42;9,10;;
Lost;Cal.;Lost;6;Jeffrey Lieber, Damon Lindelof, J. J. Abrams;Adventure | Drama | Fantasy | Mystery | Thriller;2010;2010;Downloaded;DELETED;HD 720P;18;43;12,90;;
Louie;Cal.;Louie;1;Louis C.K.;Comedy;2010;2010;Downloaded;DELETED;HD 720P;13;23;4,98;;
Mad Men;Cal.;Mad Men;4;Matthew Weiner;Drama;2010;2010;Downloaded;DELETED;HD 720P;13;47;10,18;;
Misfits;Cal.;Misfits;2;Howard Overman;Comedy | Drama | Fantasy | Sci-Fi;2010;2010;Downloaded;DELETED;HD 720P (Blu-ray);7;45;5,25;;
Modern Family;Cal.;Modern Family;1;Steven Levitan / Christopher Lloyd;Comedy;2009;2010;Downloaded;DELETED;HD 720P;24;22;8,80;;
Parks and Recreation;Cal.;Parks and Recreation;2;Greg Daniels/Michael Schur;Comedy;2009;2010;Downloaded;DELETED;HD 720P;24;22;8,80;;
Party Down;Cal.;Party Down;2;John Enbom, Rob Thomas, Dan Etheridge, Paul Rudd;Comedy;2010;2010;Downloaded;external #1;HD 720P;10;28;4,67;;
Rubicon;Cal.;Rubicon;1;Jason Horwitch;Crime | Drama | Mystery | Thriller;2010;2010;Downloaded;T:\TV\;HD 720P;13;45;9,75;;
Scrubs;Cal.;Scrubs;9;Bill Lawrence;Comedy | Drama;2009;2010;Downloaded;DELETED;HD 720P;13;22;4,77;;
Sherlock;Cal.;Sherlock;1;Mark Gatiss/Steven Moffat;Crime | Drama | Mystery;2010;2010;Downloaded;external #1;HD 720P;3;90;4,50;;
South Park;Cal.;South Park;14;Trey Parker, Matt Stone;Animation | Comedy;2010;2010;Downloaded;external #1;HD 720P;14;22;5,13;;
Spartacus: Blood and Sand;Cal.;Spartacus: Blood and Sand;1;Steven S. DeKnight et al.;Action | Drama;2010;2010;Downloaded;DELETED;HD 720P;13;50;10,83;;
Star Wars: The Clone Wars;Cal.;Star Wars: The Clone Wars;2;George Lucas / Lucasfilm Animation;Animation | Action | Adventure | Drama | Fantasy | Sci-Fi;2009;2010;Downloaded;DELETED;HD 720P;22;22;8,07;;
Pacific;Cal.;The Pacific;1;;Drama | War;2010;2010;Downloaded;DELETED;HD 720P;10;54;9,00;;miniseries
Vampire Diaries;Cal.;The Vampire Diaries;1;Kevin Williamson and Julie Plec;Drama | Fantasy | Horror | Romance;2009;2010;Downloaded;DELETED;HD 720P;22;41;15,03;;
Walking Dead;Cal.;The Walking Dead;1;Frank Darabont;Drama | Horror;2010;2010;Downloaded;DELETED;HD 720P;6;45;4,50;;
Treme;Cal.;Treme;1;David Simon/Eric Overmyer;Drama;2010;2010;Downloaded;DELETED;HD 720P;10;60;10,00;;
True Blood;Cal.;True Blood;3;Alan Ball;Drama | Fantasy | Horror;2010;2010;Downloaded;DELETED;HD 720P;12;55;11,00;;
30 Rock;Cal.;30 Rock;5;Tina Fey;Comedy;2010;2011;Downloaded;DELETED;HD 720P;23;21;8,05;;
Archer;Cal.;Archer;2;Adam Reed;Animation | Action | Comedy;2011;2011;Downloaded;DELETED;HD 720P;13;22;4,77;;
Boardwalk Empire;Cal.;Boardwalk Empire;2;Terence Winter;Crime | Drama | History;2011;2011;Downloaded;DELETED;HD 720P;12;55;11,00;;
Breaking Bad;Cal.;Breaking Bad;4;Vince Gilligan;Crime | Drama;2011;2011;Downloaded;DELETED;HD 720P;13;47;10,18;;
Caprica;Cal.;Caprica;1;Remi Aubuchon / Ronald D. Moore / David Eick;Action | Drama | Sci-Fi;2010;2011;Downloaded;DELETED;HD 720P;18;42;12,60;;
Childrens Hospital;Cal.;Childrens Hospital;3;Rob Corddry;Short | Comedy;2011;2011;Downloaded;DELETED;HD 720P;14;11;2,57;;
Chuck;Cal.;Chuck;4;Josh Schwartz/Chris Fedak;Comedy | Action | Drama;2010;2011;Downloaded;DELETED;HD 720P;24;42;16,80;;
Community;Cal.;Community;2;Dan Harmon;Comedy;2010;2011;Downloaded;DELETED;HD 720P;24;22;8,80;;
Dexter;Cal.;Dexter;6;James Manos, Jr.;Crime | Drama | Mystery | Thriller;2011;2011;Downloaded;DELETED;HD 720P;12;50;10,00;;
Doctor Who (2005);Cal.;Doctor Who (2005);6;Steven Moffat;Adventure | Drama | Sci-Fi;2011;2011;Downloaded;DELETED;HD 720P;13;45;9,75;;
Falling Skies;Cal.;Falling Skies;1;Robert Rodat / Steven Spielberg;Action | Sci-Fi | Thriller;2011;2011;Downloaded;DELETED;HD 720P;10;45;7,50;;
Friday Night Lights;Cal.;Friday Night Lights;5;Peter Berg, Brian Grazer and David Nevins;Drama | Sport;2010;2011;Downloaded;T:\TV\;HD 720P;13;43;9,32;;web-dl
Fringe;Cal.;Fringe;3;J. J. Abrams / Roberto Orci / Alex Kurtzman;Drama | Horror | Mystery | Sci-Fi | Thriller;2010;2011;Downloaded;DELETED;HD 720P;22;43;15,77;;
Game of Thrones;Cal.;Game of Thrones;1;David Benioff / Dan Weiss;Drama | Fantasy;2011;2011;Downloaded;T:\TV\;HD 720P;10;60;10,00;;
Glee;Cal.;Glee;2;Ryan Murphy / Brad Falchuk / Ian Brennan;Comedy | Drama | Music;2010;2011;Downloaded;DELETED;HD 720P;22;42;15,40;;
Homeland;Cal.;Homeland;1;Howard Gordon / Alex Gansa / Gideon Raff;Drama;2011;2011;Downloaded;DELETED;HD 720P;12;55;11,00;;
Justified;Cal.;Justified;2;Graham Yost;Action | Crime | Drama | Thriller;2011;2011;Downloaded;DELETED;HD 720P;13;42;9,10;;
Louie;Cal.;Louie;2;Louis C.K.;Comedy;2011;2011;Downloaded;DELETED;HD 720P;13;23;4,98;;
Misfits;Cal.;Misfits;3;Howard Overman;Comedy | Drama | Fantasy | Sci-Fi;2011;2011;Downloaded;DELETED;HD 720P;8;45;6,00;;
Modern Family;Cal.;Modern Family;2;Steven Levitan / Christopher Lloyd;Comedy;2010;2011;Downloaded;DELETED;HD 720P;24;22;8,80;;
NTSF:SD:SUV;Cal.;NTSF:SD:SUV;1;Paul Scheer;Action | Comedy;2011;2011;Downloaded;DELETED;HD 720P;12;11;2,20;;
Parks and Recreation;Cal.;Parks and Recreation;3;Greg Daniels/Michael Schur;Comedy;2011;2011;Downloaded;DELETED;HD 720P;16;22;5,87;;
Pioneer One;Cal.;Pioneer One;1;Josh Bernhard / Bracey Smith;Drama | Sci-Fi;2010;2011;Downloaded;DELETED;HD 720P;6;35;3,50;;
South Park;Cal.;South Park;15;Trey Parker, Matt Stone;Animation | Comedy;2011;2011;Downloaded;external #1;HD 720P;14;22;5,13;;
Spartacus: Gods of the Arena;Cal.;Spartacus: Gods of the Arena;1;Steven S. DeKnight;Action | Adventure | Biography | Drama | History;2011;2011;Downloaded;DELETED;HD 720P;6;50;5,00;;
Star Wars: The Clone Wars;Cal.;Star Wars: The Clone Wars;3;George Lucas / Lucasfilm Animation;Animation | Action | Adventure | Drama | Fantasy | Sci-Fi;2010;2011;Downloaded;DELETED;HD 720P;22;22;8,07;;
Terra Nova;Cal.;Terra Nova;1;Kelly Marcel, Craig Silverstein;Adventure | Mystery | Sci-Fi;2011;2011;Downloaded;DELETED;HD 720P;13;42;9,10;;
Vampire Diaries;Cal.;The Vampire Diaries;2;Kevin Williamson and Julie Plec;Drama | Fantasy | Horror | Romance;2010;2011;Downloaded;DELETED;HD 720P;22;41;15,03;;
Treme;Cal.;Treme;2;David Simon/Eric Overmyer;Drama;2011;2011;Downloaded;DELETED;HD 720P;11;60;11,00;;
True Blood;Cal.;True Blood;4;Alan Ball;Drama | Fantasy | Horror;2011;2011;Downloaded;DELETED;HD 720P;12;55;11,00;;
30 Rock;Cal.;30 Rock;6;Tina Fey;Comedy;2012;2012;Downloaded;DELETED;HD 720P;22;21;7,70;;
Archer;Cal.;Archer;3;Adam Reed;Animation | Action | Comedy;2011;2012;Downloaded;DELETED;HD 720P;13;22;4,77;;
Boardwalk Empire;Cal.;Boardwalk Empire;3;Terence Winter;Crime | Drama | History;2012;2012;Downloaded;DELETED;HD 720P;12;55;11,00;;
Chuck;Cal.;Chuck;5;Josh Schwartz/Chris Fedak;Comedy | Action | Drama;2011;2012;Downloaded;DELETED;HD 720P;13;42;9,10;;
Community;Cal.;Community;3;Dan Harmon;Comedy;2011;2012;Downloaded;DELETED;HD 720P;22;22;8,07;;
Dexter;Cal.;Dexter;7;James Manos, Jr.;Crime | Drama | Mystery | Thriller;2012;2012;Downloaded;DELETED;HD 720P;12;50;10,00;;
Falling Skies;Cal.;Falling Skies;2;Robert Rodat / Steven Spielberg;Action | Sci-Fi | Thriller;2012;2012;Downloaded;DELETED;HD 720P;10;45;7,50;;
Fringe;Cal.;Fringe;4;J. J. Abrams / Roberto Orci / Alex Kurtzman;Drama | Horror | Mystery | Sci-Fi | Thriller;2011;2012;Downloaded;DELETED;HD 720P;22;43;15,77;;
Game of Thrones;Cal.;Game of Thrones;2;David Benioff / Dan Weiss;Drama | Fantasy;2012;2012;Downloaded;T:\TV\;HD 720P;10;60;10,00;;
Girls;Cal.;Girls;1;Lena Dunham;Comedy;2012;2012;Downloaded;DELETED;HD 720P;10;30;5,00;;
Glee;Cal.;Glee;3;Ryan Murphy / Brad Falchuk / Ian Brennan;Comedy | Drama | Music;2011;2012;Downloaded;DELETED;HD 720P;22;42;15,40;;
Homeland;Cal.;Homeland;2;Howard Gordon / Alex Gansa / Gideon Raff;Drama;2012;2012;Downloaded;DELETED;HD 720P;12;55;11,00;;
House of Lies;Cal.;House of Lies;1;Matthew Carnahan;Comedy | Drama;2012;2012;Downloaded;DELETED;HD 720P;12;30;6,00;;
Justified;Cal.;Justified;3;Graham Yost;Action | Crime | Drama | Thriller;2012;2012;Downloaded;DELETED;HD 720P;13;42;9,10;;
Louie;Cal.;Louie;3;Louis C.K.;Comedy;2012;2012;Downloaded;DELETED;HD 720P;13;23;4,98;;
Luck;Cal.;Luck;1;David Milch;Drama | Sport;2011;2012;Downloaded;DELETED;HD 720P;9;60;9,00;;
Mad Men;Cal.;Mad Men;5;Matthew Weiner;Drama;2012;2012;Downloaded;DELETED;HD 720P;13;47;10,18;;
Modern Family;Cal.;Modern Family;3;Steven Levitan / Christopher Lloyd;Comedy;2011;2012;Downloaded;DELETED;HD 720P;24;22;8,80;;
NTSF:SD:SUV;Cal.;NTSF:SD:SUV;2;Paul Scheer;Action | Comedy;2012;2012;Downloaded;DELETED;HD 720P;14;11;2,57;;
Pan Am;Cal.;Pan Am;1;Jack Orman;Drama;2011;2012;Downloaded;DELETED;HD 720P;14;43;10,03;;
Parks and Recreation;Cal.;Parks and Recreation;4;Greg Daniels/Michael Schur;Comedy;2011;2012;Downloaded;DELETED;HD 720P;22;22;8,07;;
Sherlock;Cal.;Sherlock;2;Mark Gatiss/Steven Moffat;Crime | Drama | Mystery;2012;2012;Downloaded;external #1;HD 720P;3;90;4,50;;
South Park;Cal.;South Park;16;Trey Parker, Matt Stone;Animation | Comedy;2012;2012;Downloaded;external #1;HD 720P;14;22;5,13;;
Spartacus: Blood and Sand;Cal.;Spartacus: Blood and Sand;2;Steven S. DeKnight;Action | Adventure | Biography | Drama | History;2012;2012;Downloaded;DELETED;HD 720P;10;53;8,83;;
Star Wars: The Clone Wars;Cal.;Star Wars: The Clone Wars;4;George Lucas / Lucasfilm Animation;Animation | Action | Adventure | Drama | Fantasy | Sci-Fi;2011;2012;Downloaded;DELETED;HD 720P;22;22;8,07;;
Newsroom;Cal.;The Newsroom;1;Aaron Sorkin;Drama;2012;2012;Downloaded;DELETED;HD 720P;10;60;10,00;;
Vampire Diaries;Cal.;The Vampire Diaries;3;Kevin Williamson and Julie Plec;Drama | Fantasy | Horror | Romance;2011;2012;Downloaded;DELETED;HD 720P;22;41;15,03;;
Walking Dead;Cal.;The Walking Dead;2;Frank Darabont;Drama | Horror;2011;2012;Downloaded;DELETED;HD 720P;13;45;9,75;;
Treme;Cal.;Treme;3;David Simon/Eric Overmyer;Drama;2012;2012;Downloaded;DELETED;HD 720P;10;60;10,00;;
True Blood;Cal.;True Blood;5;Alan Ball;Drama | Fantasy | Horror;2012;2012;Downloaded;DELETED;HD 720P;12;55;11,00;;
Veep;Cal.;Veep;1;Armando Iannucci;Comedy;2012;2012;Downloaded;DELETED;HD 720P;8;30;4,00;;
Modern Family;Cal.;Modern Family;4;Steven Levitan / Christopher Lloyd;Comedy;2012;2013;Downloaded;DELETED;HD 720P;24;22;8,80;;
Breaking Bad;Cal.;Breaking Bad;5;Vince Gilligan;Crime | Drama;2012;2013;Downloaded;DELETED;HD 720P;16;47;12,53;;
Doctor Who (2005);Cal.;Doctor Who (2005);7;Steven Moffat;Adventure | Drama | Sci-Fi;2012;2013;Downloaded;DELETED;HD 720P;14;45;10,50;;
Fringe;Cal.;Fringe;5;J. J. Abrams / Roberto Orci / Alex Kurtzman;Drama | Horror | Mystery | Sci-Fi | Thriller;2012;2013;Downloaded;DELETED;HD 720P;13;43;9,32;;
Childrens Hospital;Cal.;Childrens Hospital;4;Rob Corddry;Short | Comedy;2012;2012;Downloaded;DELETED;HD 720P;14;11;2,57;;
Glee;Cal.;Glee;4;Ryan Murphy / Brad Falchuk / Ian Brennan;Comedy | Drama | Music;2012;2013;Downloaded;DELETED;HD 720P;22;42;15,40;;
Parks and Recreation;Cal.;Parks and Recreation;5;Greg Daniels/Michael Schur;Comedy;2012;2013;Downloaded;DELETED;HD 720P;22;22;8,07;;
Star Wars: The Clone Wars;Cal.;Star Wars: The Clone Wars;5;George Lucas / Lucasfilm Animation;Animation | Action | Adventure | Drama | Fantasy | Sci-Fi;2012;2013;Downloaded;DELETED;HD 720P;20;22;7,33;;
30 Rock;Cal.;30 Rock;7;Tina Fey;Comedy;2012;2013;Downloaded;DELETED;HD 720P;13;21;4,55;;
Vampire Diaries;Cal.;The Vampire Diaries;4;Kevin Williamson and Julie Plec;Drama | Fantasy | Horror | Romance;2012;2013;Downloaded;DELETED;HD 720P;23;41;15,72;;
Walking Dead;Cal.;The Walking Dead;3;Frank Darabont;Drama | Horror;2012;2013;Downloaded;DELETED;HD 720P;16;45;12,00;;
Misfits;Cal.;Misfits;4;Howard Overman;Comedy | Drama | Fantasy | Sci-Fi;2012;2012;Downloaded;DELETED;HD 720P;8;45;6,00;;
Justified;Cal.;Justified;4;Graham Yost;Action | Crime | Drama | Thriller;2013;2013;Downloaded;DELETED;HD 720P;13;42;9,10;;
Girls;Cal.;Girls;2;Lena Dunham;Comedy;2013;2013;Downloaded;DELETED;HD 720P;10;30;5,00;;
House of Lies;Cal.;House of Lies;2;Matthew Carnahan;Comedy | Drama;2013;2013;Downloaded;DELETED;HD 720P;12;30;6,00;;
Archer;Cal.;Archer;4;Adam Reed;Animation | Action | Comedy;2013;2013;Downloaded;DELETED;HD 720P;13;22;4,77;;
Spartacus: Blood and Sand;Cal.;Spartacus: Blood and Sand;3;Steven S. DeKnight;Action | Adventure | Biography | Drama | History;2013;2013;Downloaded;DELETED;HD 720P;10;53;8,83;;
House of Cards;Cal.;House of Cards;1;Beau Willimon;Drama;2013;2013;Downloaded;DELETED;HD 720P;13;50;10,83;;
Game of Thrones;Cal.;Game of Thrones;3;David Benioff / Dan Weiss;Drama | Fantasy;2013;2013;Downloaded;T:\TV\;HD 720P;10;60;10,00;;
Mad Men;Cal.;Mad Men;6;Matthew Weiner;Drama;2013;2013;Downloaded;DELETED;HD 720P;13;47;10,18;;
Veep;Cal.;Veep;2;Armando Iannucci;Comedy;2013;2013;Downloaded;DELETED;HD 720P;10;30;5,00;;
Community;Cal.;Community;4;Dan Harmon;Comedy;2013;2013;Downloaded;DELETED;HD 720P;22;22;8,07;;
Falling Skies;Cal.;Falling Skies;3;Robert Rodat / Steven Spielberg;Action | Sci-Fi | Thriller;2013;2103;Downloaded;DELETED;HD 720P;10;45;7,50;;
True Blood;Cal.;True Blood;6;Alan Ball;Drama | Fantasy | Horror;2013;2013;Downloaded;DELETED;HD 720P;10;55;9,17;;
Americans;Cal.;The Americans;1;Joe Weisberg;Crime | Drama | Mystery | Thriller;2013;2013;Downloaded;DELETED;HD 720P;13;45;9,75;;
Dexter;Cal.;Dexter;8;James Manos, Jr.;Crime | Drama | Mystery | Thriller;2013;2013;Downloaded;DELETED;HD 720P;12;50;10,00;;
Newsroom;Cal.;The Newsroom;2;Aaron Sorkin;Drama;2013;2013;Downloaded;DELETED;HD 720P;9;60;9,00;;
Band of Brothers;Cal.;Band of Brothers;1;Steven Spielberg, Tom Hanks;Adventure | Drama | History | War;2001;2001;Downloaded;external #1;HD 720P;10;70,5;11,75;;Miniseries, Blu-ray encode, stored on external #1
Childrens Hospital;Cal.;Childrens Hospital;5;Rob Corddry;Short | Comedy;2013;2013;Downloaded;DELETED;HD 720P;13;11;2,38;;
NTSF:SD:SUV;Cal.;NTSF:SD:SUV;3;Paul Scheer;Action | Comedy;2013;2013;Downloaded;DELETED;HD 720P;13;11;2,38;;
Boardwalk Empire;Cal.;Boardwalk Empire;4;Terence Winter;Crime | Drama | History;2013;2013;Downloaded;DELETED;HD 720P;12;55;11,00;;
Modern Family;Cal.;Modern Family;5;Steven Levitan / Christopher Lloyd;Comedy;2013;2014;Downloaded;DELETED;HD 720P;24;22;8,80;;
South Park;Cal.;South Park;17;Trey Parker, Matt Stone;Animation | Comedy;2013;2013;Downloaded;external #1;HD 720P;10;22;3,67;;
Parks and Recreation;Cal.;Parks and Recreation;6;Greg Daniels/Michael Schur;Comedy;2013;2014;Downloaded;DELETED;HD 720P;22;22;8,07;;
Homeland;Cal.;Homeland;3;Howard Gordon / Alex Gansa / Gideon Raff;Drama;2013;2013;Downloaded;DELETED;HD 720P;12;55;11,00;;
Vampire Diaries;Cal.;The Vampire Diaries;5;Kevin Williamson and Julie Plec;Drama | Fantasy | Horror | Romance;2013;2014;Downloaded;DELETED;HD 720P;22;41;15,03;;
Walking Dead;Cal.;The Walking Dead;4;Frank Darabont;Drama | Horror;2013;2014;Downloaded;DELETED;HD 720P;16;45;12,00;;
Misfits;Cal.;Misfits;5;Howard Overman;Comedy | Drama | Fantasy | Sci-Fi;2013;2013;Downloaded;DELETED;HD 720P;8;45;6,00;;
Treme;Cal.;Treme;4;David Simon/Eric Overmyer;Drama;2013;2013;Downloaded;DELETED;HD 720P;5;60;5,00;;
Ghost in the Shell: Arise;Cal.;Ghost in the Shell: Arise;1;Production I.G;Animation | Action | Sci-Fi;2013;2014;Downloaded;DELETED;HD 720P;5;60;5,00;;4 OVA + pyrophic cult standalone
Sherlock;Cal.;Sherlock;3;Mark Gatiss/Steven Moffat;Crime | Drama | Mystery;2014;2014;Downloaded;external #1;HD 720P;3;90;4,50;;
Community;Cal.;Community;5;Dan Harmon;Comedy;2014;2014;Downloaded;DELETED;HD 720P;13;22;4,77;;
Justified;Cal.;Justified;5;Graham Yost;Action | Crime | Drama | Thriller;2014;2014;Downloaded;DELETED;HD 720P;13;42;9,10;;
House of Lies;Cal.;House of Lies;3;Matthew Carnahan;Comedy | Drama;2014;2014;Downloaded;DELETED;HD 720P;12;30;6,00;;
Girls;Cal.;Girls;3;Lena Dunham;Comedy;2014;2014;Downloaded;DELETED;HD 720P;12;30;6,00;;
True Detective;Cal.;True Detective;1;Nic Pizzolatto;Crime | Drama;2014;2014;Downloaded;external #1;HD 720P;8;60;8,00;;
Orange Is the New Black;Cal.;Orange Is the New Black;1;Jenji Kohan;Comedy | Crime | Drama;2013;2013;Downloaded;DELETED;HD 720P;13;55;11,92;;
Archer;Cal.;Archer;5;Adam Reed;Animation | Action | Comedy;2014;2014;Downloaded;DELETED;HD 720P;13;22;4,77;;
House of Cards;Cal.;House of Cards;2;Beau Willimon;Drama;2014;2014;Downloaded;DELETED;HD 720P;13;50;10,83;;
Masters of Sex;Cal.;Masters of Sex;1;Michelle Ashford;Drama;2013;2013;Downloaded;DELETED;HD 720P;12;55;11,00;;
Americans;Cal.;The Americans;2;Joe Weisberg;Crime | Drama | Mystery | Thriller;2014;2014;Downloaded;DELETED;HD 720P;13;45;9,75;;
Cosmos: A Spacetime Odyssey;Cal.;Cosmos: A Spacetime Odyssey;1;;Documentary;2014;2014;Downloaded;DELETED;HD 720P;13;52;11,27;;
Game of Thrones;Cal.;Game of Thrones;4;David Benioff / Dan Weiss;Drama | Fantasy;2014;2014;Downloaded;T:\TV\;HD 720P;10;60;10,00;;
Veep;Cal.;Veep;3;Armando Iannucci;Comedy;2014;2014;Downloaded;DELETED;HD 720P;10;30;5,00;;
Mad Men;Cal.;Mad Men;7;Matthew Weiner;Drama;2014;2015;Downloaded;DELETED;HD 720P;14;47;10,97;;
Silicon Valley;Cal.;Silicon Valley;1;Mike Judge;Comedy;2014;2014;Downloaded;DELETED;HD 720P;8;30;4,00;;
Star Wars: The Clone Wars;Cal.;Star Wars: The Clone Wars;6;George Lucas / Lucasfilm Animation;Animation | Action | Adventure | Drama | Fantasy | Sci-Fi;2014;2014;Downloaded;DELETED;HD 720P;13;22;4,77;;
Louie;Cal.;Louie;4;Louis C.K.;Comedy;2014;2014;Downloaded;DELETED;HD 720P;14;23;5,37;;
24;Cal.;24;9;Robert Cochran, Joel Surnow;Action | Crime | Drama | Mystery | Thriller;2014;2014;Downloaded;DELETED;HD 720P;12;43;8,60;;
Hannibal;Cal.;Hannibal;1;Bryan Fuller;Crime | Horror | Thriller;2013;2013;Downloaded;DELETED;HD 720P;13;42;9,10;;
Hannibal;Cal.;Hannibal;2;Bryan Fuller;Crime | Horror | Thriller;2014;2014;Downloaded;DELETED;HD 720P;13;42;9,10;;
Orange Is the New Black;Cal.;Orange Is the New Black;2;Jenji Kohan;Comedy | Crime | Drama;2014;2014;Downloaded;DELETED;HD 720P;13;55;11,92;;
True Blood;Cal.;True Blood;7;Alan Ball;Drama | Fantasy | Horror;2014;2014;Downloaded;DELETED;HD 720P;10;55;9,17;;
Falling Skies;Cal.;Falling Skies;4;Robert Rodat / Steven Spielberg;Action | Sci-Fi | Thriller;2014;2014;Downloaded;DELETED;HD 720P;12;45;9,00;;
Fargo;Cal.;Fargo;1;Noah Hawley;Crime | Drama;2014;2014;Downloaded;DELETED;HD 720P;10;55;9,17;;
Masters of Sex;Cal.;Masters of Sex;2;Michelle Ashford;Drama;2014;2014;Downloaded;DELETED;HD 720P;12;55;11,00;;
Doctor Who (2005);Cal.;Doctor Who (2005);8;Steven Moffat;Adventure | Drama | Sci-Fi;2014;2014;Downloaded;DELETED;HD 720P;12;45;9,00;;
Boardwalk Empire;Cal.;Boardwalk Empire;5;Terence Winter;Crime | Drama | History;2014;2014;Downloaded;DELETED;HD 720P;8;55;7,33;;
Modern Family;Cal.;Modern Family;6;Steven Levitan / Christopher Lloyd;Comedy;2014;2015;Downloaded;DELETED;HD 720P;24;22;8,80;;
South Park;Cal.;South Park;18;Trey Parker, Matt Stone;Animation | Comedy;2014;2014;Downloaded;external #1;HD 720P;10;22;3,67;;
Vampire Diaries;Cal.;The Vampire Diaries;6;Kevin Williamson and Julie Plec;Drama | Fantasy | Horror | Romance;2014;2015;Downloaded;DELETED;HD 720P;22;41;15,03;;
Homeland;Cal.;Homeland;4;Howard Gordon / Alex Gansa / Gideon Raff;Drama;2014;2014;Downloaded;DELETED;HD 720P;12;55;11,00;;
Walking Dead;Cal.;The Walking Dead;5;Frank Darabont;Drama | Horror;2014;2015;Downloaded;DELETED;HD 720P;16;45;12,00;;
Benched;Cal.;Benched;1;Michaela Watkins and Damon Jones;Comedy;2014;2014;Downloaded;DELETED;HD 720P;12;22;4,40;;
Constantine;Cal.;Constantine;1;Daniel Cerone & David S. Goyer;Fantasy | Horror;2014;2015;Downloaded;DELETED;HD 720P;13;43;9,32;;
Newsroom;Cal.;The Newsroom;3;Aaron Sorkin;Drama;2014;2014;Downloaded;DELETED;HD 720P;6;60;6,00;;
New Amsterdam;Cal.;New Amsterdam;1;Allan Loeb, Christian Taylor;Crime | Drama | Sci-Fi;2008;2008;Downloaded;DELETED;HD 720P;8;43;5,73;;
Archer;Cal.;Archer;6;Adam Reed;Animation | Action | Comedy;2015;2015;Downloaded;DELETED;HD 720P;13;22;4,77;;
House of Lies;Cal.;House of Lies;4;Matthew Carnahan;Comedy | Drama;2015;2015;Downloaded;DELETED;HD 720P;12;30;6,00;;
Girls;Cal.;Girls;4;Lena Dunham;Comedy;2015;2015;Downloaded;DELETED;HD 720P;10;30;5,00;;
Parks and Recreation;Cal.;Parks and Recreation;7;Greg Daniels/Michael Schur;Comedy;2015;2015;Downloaded;DELETED;HD 720P;13;22;4,77;;
Justified;Cal.;Justified;6;Graham Yost;Action | Crime | Drama | Thriller;2015;2015;Downloaded;DELETED;HD 720P;13;42;9,10;;
Americans;Cal.;The Americans;3;Joe Weisberg;Crime | Drama | Mystery | Thriller;2015;2015;Downloaded;DELETED;HD 720P;13;45;9,75;;
Kampen om tungtvannet;Cal.;Kampen om tungtvannet;1;Petter Rosenlund/Per-Olav Sørensen;Drama | History | War;2015;2015;Streamed;N/A;HD 720P;6;45;4,50;;
House of Cards;Cal.;House of Cards;3;Beau Willimon;Drama;2015;2015;Downloaded;DELETED;HD 720P;13;50;10,83;;
Community;Cal.;Community;6;Dan Harmon;Comedy;2015;2015;Downloaded;DELETED;HD 720P;13;27;5,85;;
Childrens Hospital;Cal.;Childrens Hospital;6;Rob Corddry;Short | Comedy;2015;2015;Downloaded;DELETED;HD 720P;14;11;2,57;;
Louie;Cal.;Louie;5;Louis C.K.;Comedy;2015;2015;Downloaded;DELETED;HD 720P;8;23;3,07;;
Game of Thrones;Cal.;Game of Thrones;5;David Benioff / Dan Weiss;Drama | Fantasy;2015;2015;Downloaded;T:\TV\;HD 720P;10;60;10,00;;
Veep;Cal.;Veep;4;Armando Iannucci;Comedy;2015;2015;Downloaded;DELETED;HD 720P;10;30;5,00;;
Silicon Valley;Cal.;Silicon Valley;2;Mike Judge;Comedy;2015;2015;Downloaded;DELETED;HD 720P;10;30;5,00;;
Manhattan;Cal.;Manhattan;1;Sam Shaw;Drama;2014;2014;Downloaded;DELETED;HD 720P;13;55;11,92;;
Daredevil;Cal.;Daredevil;1;Drew Goddard;Action , Crime , Drama;2015;2015;Downloaded;DELETED;HD 1080P;13;55;11,92;;
Better Call Saul;Cal.;Better Call Saul;1;Vince Gilligan;Crime, Drama;2015;2015;Downloaded;DELETED;HD 1080P;10;50;8,33;;
Hannibal;Cal.;Hannibal;3;Bryan Fuller;Crime | Horror | Thriller;2015;2015;Downloaded;DELETED;HD 720P;13;42;9,10;;
Orange Is the New Black;Cal.;Orange Is the New Black;3;Jenji Kohan;Comedy | Crime | Drama;2015;2015;Downloaded;DELETED;HD 720P;13;55;11,92;;
Falling Skies;Cal.;Falling Skies;5;Robert Rodat / Steven Spielberg;Action | Sci-Fi | Thriller;2015;2015;Downloaded;DELETED;HD 720P;10;45;7,50;;
True Detective;Cal.;True Detective;2;Nic Pizzolatto;Crime | Drama;2015;2015;Downloaded;DELETED;HD 720P;8;60;8,00;;
Masters of Sex;Cal.;Masters of Sex;3;Michelle Ashford;Drama;2015;2015;Downloaded;DELETED;HD 720P;12;55;11,00;;
Wayward Pines;Cal.;Wayward Pines;1;Chad Hodge;Drama, Mystery, Sci-Fi;2015;2015;Downloaded;DELETED;HD 720P;10;43;7,17;;
Doctor Who (2005);Cal.;Doctor Who (2005);9;Steven Moffat;Adventure | Drama | Sci-Fi;2015;2015;Downloaded;DELETED;HD 720P;12;45;9,00;;
South Park;Cal.;South Park;19;Trey Parker, Matt Stone;Animation | Comedy;2015;2015;Downloaded;external #1;HD 720P;10;22;3,67;;
Modern Family;Cal.;Modern Family;7;Steven Levitan / Christopher Lloyd;Comedy;2015;2016;Downloaded;DELETED;HD 720P;22;22;8,07;;
Homeland;Cal.;Homeland;5;Howard Gordon / Alex Gansa / Gideon Raff;Drama;2015;2015;Downloaded;DELETED;HD 720P;12;55;11,00;;
Walking Dead;Cal.;The Walking Dead;6;Frank Darabont;Drama | Horror;2015;2016;Downloaded;DELETED;HD 720P;16;45;12,00;;
Fargo;Cal.;Fargo;2;Noah Hawley;Crime | Drama;2015;2015;Downloaded;DELETED;HD 720P;10;55;9,17;;
Manhattan;Cal.;Manhattan;2;Sam Shaw;Drama;2015;2015;Downloaded;DELETED;HD 720P;10;55;9,17;;
Jessica Jones;Cal.;Jessica Jones;1;Melissa Rosenberg;Action, Crime, Drama;2015;2015;Downloaded;DELETED;HD 1080P;13;50;10,83;;
Black Sails;Cal.;Black Sails;1;Jonathan E. Steinberg;Adventure, Drama;2014;2014;Downloaded;DELETED;HD 720P;8;55;7,33;;
Black Sails;Cal.;Black Sails;2;Jonathan E. Steinberg;Adventure, Drama;2015;2015;Downloaded;DELETED;HD 720P;10;55;9,17;;
Childrens Hospital;Cal.;Childrens Hospital;7;Rob Corddry;Short | Comedy;2016;2016;Downloaded;DELETED;HD 720P;14;11;2,57;;
Black Sails;Cal.;Black Sails;3;Jonathan E. Steinberg;Adventure, Drama;2016;2016;Downloaded;DELETED;HD 720P;10;55;9,17;;
Expanse;Cal.;The Expanse;1;Mark Fergus/Hawk Ostby;Drama, Mystery, Sci-Fi;2015;2016;Downloaded;T:\TV\;HD 720P;10;43;7,17;;
Better Call Saul;Cal.;Better Call Saul;2;Vince Gilligan;Crime, Drama;2016;2016;Downloaded;DELETED;HD 1080P;10;50;8,33;;
Girls;Cal.;Girls;5;Lena Dunham;Comedy;2016;2016;Downloaded;DELETED;HD 720P;10;30;5,00;;
Mr. Robot;Cal.;Mr. Robot;1;Sam Esmail;Crime, Drama, Thriller;2015;2015;Downloaded;DELETED;HD 1080P;10;50;8,33;;
Okkupert;Cal.;Okkupert;1;Jo Nesbø / Erik Skjoldbjærg;Drama, Thriller;2015;2015;Downloaded;DELETED;HD 720P;10;45;7,50;;
House of Cards;Cal.;House of Cards;4;Beau Willimon;Drama;2016;2016;Downloaded;DELETED;HD 1080P;13;50;10,83;;
Americans;Cal.;The Americans;4;Joe Weisberg;Crime | Drama | Mystery | Thriller;2016;2016;Downloaded;DELETED;HD 720P;13;45;9,75;;
Daredevil;Cal.;Daredevil;2;Drew Goddard;Action , Crime , Drama;2016;2016;Downloaded;DELETED;HD 1080P;13;55;11,92;;
Archer;Cal.;Archer;7;Adam Reed;Animation | Action | Comedy;2016;2016;Downloaded;DELETED;HD 720P;10;22;3,67;;
11.22.63;Cal.;11.22.63;1;Bridget Carpenter;Drama, Mystery, Sci-Fi;2016;2016;Downloaded;DELETED;HD 1080P;8;60;8,00;;
House of Lies;Cal.;House of Lies;5;Matthew Carnahan;Comedy | Drama;2016;2016;Downloaded;DELETED;HD 720P;10;30;5,00;;
Game of Thrones;Cal.;Game of Thrones;6;David Benioff / Dan Weiss;Drama | Fantasy;2016;2016;Downloaded;T:\TV\;HD 1080P;10;60;10,00;;
Veep;Cal.;Veep;5;Armando Iannucci;Comedy;2016;2016;Downloaded;DELETED;HD 720P;10;30;5,00;;
Silicon Valley;Cal.;Silicon Valley;3;Mike Judge;Comedy;2016;2016;Downloaded;DELETED;HD 720P;10;30;5,00;;
Man in the High Castle;Cal.;The Man in the High Castle;1;Frank Spotnitz;Drama, Sci-Fi, Thriller;2015;2015;Downloaded;DELETED;HD 1080P;10;55;9,17;;
Orange Is the New Black;Cal.;Orange Is the New Black;4;Jenji Kohan;Comedy | Crime | Drama;2016;2016;Downloaded;DELETED;HD 720P;13;55;11,92;;
Stranger Things;Cal.;Stranger Things;1;The Duffer Brothers;Drama, Horror, Thriller;2016;2016;Downloaded;DELETED;HD 1080P;8;48;6,40;;
Mr. Robot;Cal.;Mr. Robot;2;Sam Esmail;Crime, Drama, Thriller;2016;2016;Downloaded;DELETED;HD 1080P;12;50;10,00;;
Night Manager;Cal.;The Night Manager;1;David Farr;Crime, Drama, Mystery;2016;2016;Downloaded;DELETED;HD 720P;6;58;5,80;;
South Park;Cal.;South Park;20;Trey Parker, Matt Stone;Animation | Comedy;2016;2016;Downloaded;external #1;HD 720P;10;22;3,67;;
Modern Family;Cal.;Modern Family;8;Steven Levitan / Christopher Lloyd;Comedy;2016;2017;Downloaded;DELETED;HD 720P;22;22;8,07;;
Westworld;Cal.;Westworld;1;Jonathan Nolan & Lisa Joy;Drama, Mystery, Sci-Fi;2016;2016;Downloaded;DELETED;HD 1080P;10;60;10,00;;
Designated Survivor;Cal.;Designated Survivor;1;David Guggenheim;Drama, Thriller;2016;2017;Downloaded;DELETED;HD 720P;21;42;14,70;;
Walking Dead;Cal.;The Walking Dead;7;Frank Darabont;Drama | Horror;2016;2017;Downloaded;DELETED;HD 720P;16;45;12,00;;
Nobel;Cal.;Nobel;1;Per-Olav Sørensen;Thriller;2016;2016;Streamed;N/A;HD 720P;7;50;5,83;;
Man in the High Castle;Cal.;The Man in the High Castle;2;Frank Spotnitz;Drama, Sci-Fi, Thriller;2016;2016;Downloaded;DELETED;HD 1080P;10;55;9,17;;
Sherlock;Cal.;Sherlock;4;Mark Gatiss/Steven Moffat;Crime | Drama | Mystery;2017;2017;Downloaded;DELETED;HD 1080P;3;90;4,50;;
Homeland;Cal.;Homeland;6;Howard Gordon / Alex Gansa / Gideon Raff;Drama;2017;2017;Downloaded;DELETED;HD 1080P;12;55;11,00;;
Black Sails;Cal.;Black Sails;4;Jonathan E. Steinberg;Adventure, Drama;2017;2017;Downloaded;DELETED;HD 1080P;10;55;9,17;;
Expanse;Cal.;The Expanse;2;Mark Fergus/Hawk Ostby;Drama, Mystery, Sci-Fi;2017;2017;Downloaded;T:\TV\;HD 1080P;13;43;9,32;;
Girls;Cal.;Girls;6;Lena Dunham;Comedy;2017;2017;Downloaded;DELETED;HD 720P;10;30;5,00;;
Americans;Cal.;The Americans;5;Joe Weisberg;Crime | Drama | Mystery | Thriller;2017;2017;Downloaded;DELETED;HD 1080P;13;45;9,75;;
Legion;Cal.;Legion;1;Noah Hawley;Action, Drama, Sci-Fi;2017;2017;Downloaded;DELETED;HD 1080P;8;60;8,00;;
Archer;Cal.;Archer;8;Adam Reed;Animation | Action | Comedy;2017;2017;Downloaded;DELETED;HD 720P;8;22;2,93;;
Better Call Saul;Cal.;Better Call Saul;3;Vince Gilligan;Crime, Drama;2017;2017;Downloaded;DELETED;HD 1080P;10;50;8,33;;
Doctor Who (2005);Cal.;Doctor Who (2005);10;Steven Moffat;Adventure | Drama | Sci-Fi;2017;2017;Downloaded;DELETED;HD 1080P;12;45;9,00;;
Veep;Cal.;Veep;6;Armando Iannucci;Comedy;2017;2017;Downloaded;DELETED;HD 720P;10;30;5,00;;
Fargo;Cal.;Fargo;3;Noah Hawley;Crime | Drama;2017;2017;Downloaded;DELETED;HD 1080P;10;55;9,17;;
Silicon Valley;Cal.;Silicon Valley;4;Mike Judge;Comedy;2017;2017;Downloaded;DELETED;HD 720P;10;30;5,00;;
American Gods;Cal.;American Gods;1;Bryan Fuller/Michael Green;Fantasy, Mystery;2017;2017;Downloaded;DELETED;HD 1080P;8;60;8,00;;
Twin Peaks (2017);Cal.;Twin Peaks (2017);1;David Lynch & Mark Frost;Crime, Drama, Mystery;2017;2017;Downloaded;DELETED;HD 1080P;18;55;16,50;;
House of Cards;Cal.;House of Cards;5;Beau Willimon;Drama;2017;2017;Downloaded;DELETED;HD 1080P;13;50;10,83;;
Orange Is the New Black;Cal.;Orange Is the New Black;5;Jenji Kohan;Comedy | Crime | Drama;2017;2017;Downloaded;DELETED;HD 1080P;13;55;11,92;;
Game of Thrones;Cal.;Game of Thrones;7;David Benioff / Dan Weiss;Drama | Fantasy;2017;2017;Downloaded;T:\TV\;HD 1080P;7;60;7,00;;
Handmaid's Tale;Cal.;The Handmaid's Tale;1;Bruce Miller;Drama, Sci-Fi;2017;2017;Downloaded;DELETED;HD 1080P;10;55;9,17;;
South Park;Cal.;South Park;21;Trey Parker, Matt Stone;Animation | Comedy;2017;2017;Downloaded;external #1;HD 720P;10;22;3,67;;
Modern Family;Cal.;Modern Family;9;Steven Levitan / Christopher Lloyd;Comedy;2017;2018;Downloaded;DELETED;HD 720P;22;22;8,07;;
Mr. Robot;Cal.;Mr. Robot;3;Sam Esmail;Crime, Drama, Thriller;2017;2017;Downloaded;DELETED;HD 1080P;10;50;8,33;;
Mindhunter;Cal.;Mindhunter;1;Joe Penhall;Crime, Drama, Thriller;2017;2017;Downloaded;DELETED;HD 1080P;10;50;8,33;;
Walking Dead;Cal.;The Walking Dead;8;Frank Darabont;Drama | Horror;2017;2018;Downloaded;DELETED;HD 720P;16;45;12,00;;
Stranger Things;Cal.;Stranger Things;2;The Duffer Brothers;Drama, Horror, Thriller;2017;2017;Downloaded;DELETED;HD 1080P;9;48;7,20;;
Punisher;Cal.;The Punisher;1;Steve Lightfoot;Action, Adventure, Crime;2017;2017;Downloaded;DELETED;HD 1080P;13;55;11,92;;
Leftovers;Cal.;The Leftovers;1;Damon Lindelof/Tom Perrotta;Drama, Fantasy, Mystery;2014;2014;Downloaded;DELETED;HD 1080P;10;60;10,00;;
Leftovers;Cal.;The Leftovers;2;Damon Lindelof/Tom Perrotta;Drama, Fantasy, Mystery;2015;2015;Downloaded;DELETED;HD 1080P;10;60;10,00;;
Leftovers;Cal.;The Leftovers;3;Damon Lindelof/Tom Perrotta;Drama, Fantasy, Mystery;2017;2017;Downloaded;DELETED;HD 1080P;8;60;8,00;;
Altered Carbon;Cal.;Altered Carbon;1;Laeta Kalogridis;Drama, Sci-Fi, Thriller;2018;2018;Downloaded;DELETED;HD 1080P;10;55;9,17;;
Homeland;Cal.;Homeland;7;Howard Gordon / Alex Gansa / Gideon Raff;Drama;2018;2018;Downloaded;DELETED;HD 1080P;12;55;11,00;;
Sneaky Pete;Cal.;Sneaky Pete;1;David Shore/Bryan Cranston;Crime, Drama;2017;2017;Downloaded;DELETED;HD 1080P;10;50;8,33;;
Sneaky Pete;Cal.;Sneaky Pete;2;David Shore/Bryan Cranston;Crime, Drama;2018;2018;Downloaded;DELETED;HD 1080P;10;50;8,33;;
Jessica Jones;Cal.;Jessica Jones;2;Melissa Rosenberg;Action, Crime, Drama;2018;2018;Downloaded;DELETED;HD 1080P;13;50;10,83;;
Okkupert;Cal.;Okkupert;2;Jo Nesbø / Erik Skjoldbjærg;Drama, Thriller;2017;2017;Downloaded;DELETED;HD 720P;8;45;6,00;;
Silicon Valley;Cal.;Silicon Valley;5;Mike Judge;Comedy;2018;2018;Downloaded;DELETED;HD 1080P;8;30;4,00;;
Americans;Cal.;The Americans;6;Joe Weisberg;Crime | Drama | Mystery | Thriller;2018;2018;Downloaded;DELETED;HD 1080P;10;45;7,50;;
Legion;Cal.;Legion;2;Noah Hawley;Action, Drama, Sci-Fi;2018;2018;Downloaded;DELETED;HD 1080P;11;60;11,00;;
Expanse;Cal.;The Expanse;3;Mark Fergus/Hawk Ostby;Drama, Mystery, Sci-Fi;2018;2018;Downloaded;T:\TV\;HD 1080P;13;43;9,32;;
Westworld;Cal.;Westworld;2;Jonathan Nolan & Lisa Joy;Drama, Mystery, Sci-Fi;2018;2018;Downloaded;DELETED;HD 1080P;10;60;10,00;;
Archer;Cal.;Archer;9;Adam Reed;Animation | Action | Comedy;2018;2018;Downloaded;DELETED;HD 720P;8;22;2,93;;
Handmaid's Tale;Cal.;The Handmaid's Tale;2;Bruce Miller;Drama, Sci-Fi;2018;2018;Downloaded;DELETED;HD 1080P;13;55;11,92;;
Big Little Lies;Cal.;Big Little Lies;1;David E. Kelley;Crime, Drama, Mystery;2017;2017;Downloaded;DELETED;HD 1080P;7;55;6,42;;
Terror;Cal.;The Terror;1;David Kajganich;Adventure, Drama, History, Horror;2018;2018;Downloaded;DELETED;HD 1080P;10;50;8,33;;
Black Mirror;Cal.;Black Mirror;1;Charlie Brooker;Drama, Sci-Fi, Thriller;2011;2011;Downloaded;DELETED;HD 1080P;3;60;3,00;;
Black Mirror;Cal.;Black Mirror;2;Charlie Brooker;Drama, Sci-Fi, Thriller;2013;2013;Downloaded;DELETED;HD 1080P;3;60;3,00;;and fourth christmas 2014 special episode
Orange Is the New Black;Cal.;Orange Is the New Black;6;Jenji Kohan;Comedy | Crime | Drama;2018;2018;Downloaded;DELETED;HD 1080P;13;55;11,92;;
Black Mirror;Cal.;Black Mirror;3;Charlie Brooker;Drama, Sci-Fi, Thriller;2016;2016;Downloaded;DELETED;HD 1080P;6;60;6,00;;
Black Mirror;Cal.;Black Mirror;4;Charlie Brooker;Drama, Sci-Fi, Thriller;2017;2017;Downloaded;DELETED;HD 1080P;6;60;6,00;;
Better Call Saul;Cal.;Better Call Saul;4;Vince Gilligan;Crime, Drama;2018;2018;Downloaded;DELETED;HD 1080P;10;50;8,33;;
South Park;Cal.;South Park;22;Trey Parker, Matt Stone;Animation | Comedy;2018;2018;Downloaded;external #1;HD 720P;10;22;3,67;;
Modern Family;Cal.;Modern Family;10;Steven Levitan / Christopher Lloyd;Comedy;2018;2019;Downloaded;DELETED;HD 720P;22;22;8,07;;
Man in the High Castle;Cal.;The Man in the High Castle;3;Frank Spotnitz;Drama, Sci-Fi, Thriller;2018;2018;Downloaded;DELETED;HD 1080P;10;55;9,17;;
Doctor Who (2005);Cal.;Doctor Who (2005);11;Chris Chibnall;Adventure | Drama | Sci-Fi;2018;2018;Downloaded;DELETED;HD 1080P;10;45;7,50;;
Walking Dead;Cal.;The Walking Dead;9;Frank Darabont;Drama | Horror;2018;2019;Downloaded;DELETED;HD 1080P;16;45;12,00;;
Bodyguard;Cal.;Bodyguard;1;Jed Mercurio;Crime , Drama , Thriller;2018;2018;Downloaded;DELETED;HD 1080P;6;60;6,00;;
Daredevil;Cal.;Daredevil;3;Drew Goddard;Action , Crime , Drama;2018;2018;Downloaded;DELETED;HD 1080P;13;55;11,92;;
House of Cards;Cal.;House of Cards;6;Beau Willimon;Drama;2018;2018;Downloaded;DELETED;HD 1080P;8;50;6,67;;
True Detective;Cal.;True Detective;3;Nic Pizzolatto;Crime | Drama;2019;2019;Downloaded;DELETED;HD 1080P;8;60;8,00;;
Barry;Cal.;Barry;1;Alec Berg and Bill Hader;Comedy, Crime, Drama;2018;2018;Downloaded;DELETED;HD 1080P;8;30;4,00;;
Killing Eve;Cal.;Killing Eve;1;Phoebe Waller-Bridge;Drama, Thriller;2018;2018;Downloaded;DELETED;HD 1080P;8;42;5,60;;
Veep;Cal.;Veep;7;Armando Iannucci;Comedy;2019;2019;Downloaded;DELETED;HD 1080P;7;30;3,50;;
Barry;Cal.;Barry;2;Alec Berg and Bill Hader;Comedy, Crime, Drama;2019;2019;Downloaded;DELETED;HD 1080P;8;30;4,00;;
Killing Eve;Cal.;Killing Eve;2;Phoebe Waller-Bridge;Drama, Thriller;2019;2019;Downloaded;DELETED;HD 1080P;8;42;5,60;;
Game of Thrones;Cal.;Game of Thrones;8;David Benioff / Dan Weiss;Drama | Fantasy;2019;2019;Downloaded;T:\TV\;HD 1080P;6;60;6,00;;
Future Man;Cal.;Future Man;1;Howard Overman, Kyle Hunter, and Ariel Shaffir;Action, Adventure, Comedy, Sci-Fi;2017;2017;Downloaded;DELETED;HD 1080P;13;30;6,50;;
Sneaky Pete;Cal.;Sneaky Pete;3;David Shore/Bryan Cranston;Crime, Drama;2019;2019;Downloaded;DELETED;HD 1080P;10;50;8,33;;
Archer;Cal.;Archer;10;Adam Reed;Animation | Action | Comedy;2019;2019;Downloaded;DELETED;HD 1080P;9;22;3,30;;
What We Do in the Shadows;Cal.;What We Do in the Shadows;1;Jemaine Clement/Taika Waititi;Comedy, Fantasy, Horror;2019;2019;Downloaded;DELETED;HD 1080P;10;30;5,00;;
Chernobyl;Cal.;Chernobyl;1;Craig Mazin;Drama, History;2019;2019;Downloaded;DELETED;HD 1080P;5;60;5,00;;
Black Mirror;Cal.;Black Mirror;5;Charlie Brooker;Drama, Sci-Fi, Thriller;2019;2019;Downloaded;DELETED;HD 1080P;3;60;3,00;;
Handmaid's Tale;Cal.;The Handmaid's Tale;3;Bruce Miller;Drama, Sci-Fi;2019;2019;Downloaded;DELETED;HD 1080P;13;55;11,92;;
Big Little Lies;Cal.;Big Little Lies;2;David E. Kelley;Crime, Drama, Mystery;2019;2019;Downloaded;DELETED;HD 1080P;7;55;6,42;;
Legion;Cal.;Legion;3;Noah Hawley;Action, Drama, Sci-Fi;2019;2019;Downloaded;DELETED;HD 1080P;8;60;8,00;;
Stranger Things;Cal.;Stranger Things;3;The Duffer Brothers;Drama, Horror, Thriller;2019;2019;Downloaded;DELETED;HD 1080P;8;48;6,40;;
Veronica Mars;Cal.;Veronica Mars;4;Rob Thomas;Comedy | Crime | Drama | Mystery | Thriller;2019;2019;Downloaded;DELETED;HD 1080P;8;48;6,40;;
Orange Is the New Black;Cal.;Orange Is the New Black;7;Jenji Kohan;Comedy | Crime | Drama;2019;2019;Downloaded;DELETED;HD 1080P;13;55;11,92;;
Mindhunter;Cal.;Mindhunter;2;Joe Penhall;Crime, Drama, Thriller;2019;2019;Downloaded;DELETED;HD 1080P;9;50;7,50;29.09.2019;
Dark;Cal.;Dark;1;Baran bo Odar/Jantje Friese;Crime | Drama | Mystery | Sci-Fi | Thriller;2017;2017;Downloaded;temp;HD 1080P;10;50;8,33;29.09.2019;
Dark;Cal.;Dark;2;Baran bo Odar/Jantje Friese;Crime | Drama | Mystery | Sci-Fi | Thriller;2019;2019;Downloaded;temp;HD 1080P;8;50;6,67;29.09.2019;
Modern Family;Cal.;Modern Family;11;Steven Levitan / Christopher Lloyd;Comedy;2019;2020;Downloaded;DELETED;HD 1080P;18;22;6,60;29.09.2019;
South Park;Cal.;South Park;23;Trey Parker, Matt Stone;Animation | Comedy;2019;2019;Downloaded;DELETED;HD 1080P;10;22;3,67;29.09.2019;maybe redownload to external
Mr. Robot;Cal.;Mr. Robot;4;Sam Esmail;Crime, Drama, Thriller;2019;2019;Downloaded;DELETED;HD 1080P;13;50;10,83;07.10.2019;
Walking Dead;Cal.;The Walking Dead;10;Frank Darabont;Drama | Horror;2019;2020;Downloaded;DELETED;HD 1080P;16;45;12,00;07.10.2019;
Watchmen;Cal.;Watchmen;1;Damon Lindelof;Action, Drama, Mystery;2019;2019;Downloaded;S:\TV\;HD 1080P;9;60;9,00;21.10.2019;
Silicon Valley;Cal.;Silicon Valley;6;Mike Judge;Comedy;2019;2019;Downloaded;DELETED;HD 1080P;7;30;3,50;28.10.2019;
His Dark Materials;Cal.;His Dark Materials;1;Jack Thorne;Adventure | Drama | Family | Fantasy;2019;2019;Downloaded;DELETED;HD 1080P;8;60;8,00;04.11.2019;
Mandalorian;Cal.;The Mandalorian;1;Jon Favreau;Action, Adventure, Sci-Fi;2019;2019;Downloaded;S:\TV\;HD 1080P;8;40;5,33;12.11.2019;
Man in the High Castle;Cal.;The Man in the High Castle;4;Frank Spotnitz;Drama, Sci-Fi, Thriller;2019;2019;Downloaded;DELETED;HD 1080P;10;55;9,17;15.11.2019;
Expanse;Cal.;The Expanse;4;Mark Fergus/Hawk Ostby;Drama, Mystery, Sci-Fi;2019;2019;Downloaded;S:\TV\;HD 1080P;10;43;7,17;14.12.2019;
Witcher;Cal.;The Witcher;1;Lauren Schmidt Hissrich;Action | Adventure | Drama | Fantasy;2019;2019;Downloaded;S:\TV\;HD 1080P;8;60;8,00;20.12.2019;
Okkupert;Cal.;Okkupert;3;Jo Nesbø / Erik Skjoldbjærg;Drama, Thriller;2019;2020;Downloaded;DELETED;HD 1080P;6;45;4,50;28.12.2019;
Russian Doll;Cal.;Russian Doll;1;Natasha Lyonne;Adventure | Comedy | Drama | Mystery;2019;2019;Downloaded;DELETED;HD 1080P;8;27;3,60;29.12.2019;
Doctor Who (2005);Cal.;Doctor Who (2005);12;Chris Chibnall;Adventure | Drama | Sci-Fi;2020;2020;Downloaded;DELETED;HD 1080P;10;45;7,50;03.01.2020;
Star Trek: Picard;Cal.;Star Trek: Picard;1;Kirsten Beyer, Akiva Goldsman, Michael Chabon and Alex Kurtzman;Action | Adventure | Drama | Sci-Fi;2020;2020;Downloaded;DELETED;HD 1080P;10;45;7,50;25.01.2020;
22. juli;Cal.;22. juli;1;NRK;Drama;2020;2020;Streamed;N/A;HD 1080P;6;50;5,00;10.01.2020;NRK TV
Homeland;Cal.;Homeland;8;Howard Gordon / Alex Gansa / Gideon Raff;Drama;2020;2020;Downloaded;DELETED;HD 1080P;12;55;11,00;10.02.2020;
For All Mankind;Cal.;For All Mankind;1;Ronald D. Moore, Matt Wolpert, Ben Nedivi;Drama, Sci-Fi;2019;2019;Downloaded;DELETED;HD 1080P;10;60;10,00;16.02.2020;
Better Call Saul;Cal.;Better Call Saul;5;Vince Gilligan;Crime, Drama;2020;2020;Downloaded;DELETED;HD 1080P;10;50;8,33;24.02.2020;
Altered Carbon;Cal.;Altered Carbon;2;Laeta Kalogridis;Drama, Sci-Fi, Thriller;2020;2020;Downloaded;DELETED;HD 1080P;8;50;6,67;27.02.2020;
Exit;Cal.;Exit;1;NRK;Drama;2019;2019;Streamed;N/A;HD 1080P;8;30;4,00;10.03.2020;
Devs;Cal.;Devs;1;Alex Garland;Drama | Mystery | Sci-Fi | Thriller;2020;2020;Downloaded;DELETED;HD 1080P;8;55;7,33;14.03.2020;
Westworld;Cal.;Westworld;3;Jonathan Nolan & Lisa Joy;Drama, Mystery, Sci-Fi;2020;2020;Downloaded;DELETED;HD 1080P;8;60;8,00;16.03.2020;
Tiger King: Murder, Mayhem and Madness;Cal.;Tiger King: Murder, Mayhem and Madness;1;Eric Goode/Rebecca Chaiklin;Documentary, Crime;2020;2020;Downloaded;DELETED;HD 1080P;7;45;5,25;06.04.2020;
Killing Eve;Cal.;Killing Eve;3;Phoebe Waller-Bridge;Drama, Thriller;2020;2020;Downloaded;DELETED;HD 1080P;8;42;5,60;13.04.2020;
What We Do in the Shadows;Cal.;What We Do in the Shadows;2;Jemaine Clement/Taika Waititi;Comedy, Fantasy, Horror;2020;2020;Downloaded;DELETED;HD 1080P;10;30;5,00;17.04.2020;
Le Bureau des Légendes;Cal.;Le Bureau des Légendes;1;Éric Rochant;Drama;2015;2015;Downloaded;DELETED;HD 1080P;10;55;9,17;26.04.2020;
Le Bureau des Légendes;Cal.;Le Bureau des Légendes;2;Éric Rochant;Drama;2016;2016;Downloaded;DELETED;HD 1080P;10;55;9,17;03.05.2020;
Star Wars: The Clone Wars;Cal.;Star Wars: The Clone Wars;7;George Lucas / Lucasfilm Animation;Animation | Action | Adventure | Drama | Fantasy | Sci-Fi;2020;2020;Downloaded;DELETED;HD 1080P;12;22;4,40;23.05.2020;
